Valence,Concentration in pmol,Fraction
0,0.30024,0.03746
1,0.30003,0.34667
2,0.30004,0.50218
3,0.29996,0.18046
4,0.29988,0.00911
